index,Group,Past,Future
0,All adults,57.99999999999999,28.000000000000004
1,18-24,41.0,43.0
2,25-49,55.00000000000001,33.0
3,50-64,62.0,21.0
4,65+,66.0,17.0
